{
  "project_info": {
    "project_number": "703631333097",
    "firebase_url": "https://barcodereadersample-mast-5abf8.firebaseio.com",
    "project_id": "barcodereadersample-mast-5abf8",
    "storage_bucket": "barcodereadersample-mast-5abf8.appspot.com"
  },
  "client": [
    {
      "client_info": {
        "mobilesdk_app_id": "1:703631333097:android:d50fec1b9189003099c278",
        "android_client_info": {
          "package_name": "com.varvet.barcodereadersample"
        }
      },
      "oauth_client": [
        {
          "client_id": "703631333097-4f6sablv5n63n0b980llj82rlg80cb1r.apps.googleusercontent.com",
          "client_type": 1,
          "android_info": {
            "package_name": "com.varvet.barcodereadersample",
            "certificate_hash": "bfc4369af4c1a6268a8f941700e17c91c6472120"
          }
        },
        {
          "client_id": "703631333097-6063ogfi75421sm3gjo8mmjpsh3rs2sd.apps.googleusercontent.com",
          "client_type": 3
        }
      ],
      "api_key": [
        {
          "current_key": "AIzaSyAjB92etqQDOYF50olnSjWI8BJ6LGsIRFA"
        }
      ],
      "services": {
        "appinvite_service": {
          "other_platform_oauth_client": [
            {
              "client_id": "703631333097-6063ogfi75421sm3gjo8mmjpsh3rs2sd.apps.googleusercontent.com",
              "client_type": 3
            }
          ]
        }
      }
    }
  ],
  "configuration_version": "1"
}